<?xml version="1.0" encoding="UTF-8"?>
<!DOCTYPE hibernate-configuration SYSTEM 
"http://www.hibernate.org/dtd/hibernate-configuration-3.0.dtd">
<hibernate-configuration>
   <session-factory>
   
   	  <property name="format_sql">false</property>
   	  
   	  <property name="connection.pool_size">2</property>
   
      <property name = "hibernate.dialect">
         org.hibernate.dialect.MySQL5Dialect
      </property>
      
      <property name = "hibernate.connection.driver_class">
         com.mysql.cj.jdbc.Driver
      </property>
      
      <!-- Assume test is the database name -->
      
      <property name = "hibernate.connection.url">
         jdbc:mysql://localhost:3306/practice
      </property>
      
      <property name = "hibernate.connection.username">
         root
      </property>
      
      <property name = "hibernate.connection.password">
         123456
      </property>
      
      <!-- Disable 2nd level cache -->
      <property name="cache.provider_class">org.hibernate.cache.internal.NoCacheProvider</property>
      
      
      <property name="show_sql">true</property>
      
      
      <property name="hbm2ddl.auto">update</property>
      <!-- <property name="hbm2ddl.auto">create</property> -->
      
      <mapping class="beans.Classes"/>
      <mapping class="beans.Subject"/>
      <mapping class="beans.Teacher"/>
      <mapping class="beans.Student"/>
      
      
   </session-factory>
</hibernate-configuration>